ticker,name,last_close,rating,murphy_score,trend_score,osc_score,adx,plus_di,minus_di,rsi,stoch_k,stoch_d,williams_r,roc,macd,sma50,sma200,atr,sig_ma_cross,sig_ma_align,sig_adx_di,sig_macd,sig_obv,sig_donchian,sig_rsi,sig_stoch,sig_williams,sig_roc
MUFG,Mitsubishi UFJ Financial,21.65,STRONG BUY,6,6,0,25.42,45.75,20.68,69.62,86.13,85.6,-3.76,7.34,0.4884,19.5157,17.4306,0.4037,1,1,1,1,1,1,0,0,-1,1
UNP,Union Pacific Corp,286.96,STRONG BUY,6,6,0,27.63,31.38,9.85,68.64,91.97,91.04,-5.76,10.96,5.2977,268.3133,244.7891,5.6475,1,1,1,1,1,1,0,0,-1,1
BBVA,Banco Bilbao Vizcaya,25.69,STRONG BUY,6,5,1,26.84,40.81,22.78,63.94,61.02,69.28,-29.34,4.39,0.7077,23.2763,21.7784,0.5583,1,1,1,1,1,0,0,0,0,1
XLV,Health Care Select Sector ETF,160.84,STRONG BUY,6,5,1,25.93,31.65,20.42,60.12,77.02,82.75,-28.82,5.69,3.3029,151.3538,150.2745,2.6217,1,1,1,1,1,0,0,0,0,1
TRV,Travelers Companies,338.92,STRONG BUY,6,5,1,30.8,29.76,14.55,69.6,75.39,80.02,-25.02,6.93,10.2232,308.4341,292.3823,6.9432,1,1,1,1,1,0,0,0,0,1
V,Visa Inc,348.97,STRONG BUY,6,5,1,28.57,28.34,12.53,60.57,57.13,61.96,-40.99,6.24,7.3659,330.0149,328.6051,7.9289,1,1,1,1,1,0,0,0,0,1
NMR,Nomura Holdings,9.66,STRONG BUY,5,6,-1,33.78,45.49,13.77,74.96,93.19,90.75,-2.78,11.81,0.2827,8.4746,8.1446,0.2057,1,1,1,1,1,1,-1,0,-1,1
EA,Electronic Arts,206.41,STRONG BUY,5,5,0,36.25,28.21,10.74,69.58,89.25,85.34,-5.02,1.42,0.957,202.6529,201.498,0.9392,1,1,1,1,1,0,0,0,-1,1
HSBC,HSBC Holdings,99.09,STRONG BUY,5,5,0,13.78,39.05,25.61,62.25,77.17,74.43,-6.11,3.66,1.6043,92.6982,81.1287,1.9427,1,1,0,1,1,1,0,0,-1,1
MFG,Mizuho Financial Group,10.48,STRONG BUY,5,5,0,20.43,41.82,19.79,66.83,89.85,86.48,-5.22,8.26,0.2661,9.3505,8.114,0.2424,1,1,0,1,1,1,0,0,-1,1
USB,US Bancorp,62.41,STRONG BUY,5,5,0,33.56,30.29,17.86,63.57,71.82,76.6,-19.07,3.93,1.609,57.0494,52.9976,1.2627,1,1,1,1,1,0,0,0,-1,1
XYZ,Block Inc,77.3,STRONG BUY,5,4,1,18.43,31.73,18.43,56.4,58.29,60.66,-39.49,6.81,1.7212,72.7246,67.3727,2.8765,1,1,0,1,1,0,0,0,0,1
GRMN,Garmin Ltd,243.11,STRONG BUY,5,4,1,11.22,24.11,19.43,55.06,69.66,75.69,-33.12,2.83,1.8592,237.4815,227.9834,6.3334,1,1,0,1,1,0,0,0,0,1
GSK,GSK PLC,52.78,STRONG BUY,5,4,1,10.11,23.81,22.23,53.92,55.39,61.67,-40.81,1.36,0.3456,51.2777,50.5849,1.0817,1,1,0,1,1,0,0,0,0,1
ING,ING Groep,32.39,STRONG BUY,5,4,1,18.22,36.55,24.66,60.35,69.26,70.05,-25.97,2.34,0.5926,30.4609,27.8884,0.62,1,1,0,1,1,0,0,0,0,1
IVE,iShares S&P 500 Value ETF,230.49,STRONG BUY,5,4,1,13.94,27.6,20.15,62.39,64.38,68.64,-25.46,1.89,1.3088,225.946,215.6058,1.8634,1,1,0,1,1,0,0,0,0,1
LYG,Lloyds Banking Group,6.0,STRONG BUY,5,4,1,20.31,33.06,23.27,61.88,64.58,70.59,-31.03,4.71,0.1579,5.4988,5.248,0.1333,1,1,0,1,1,0,0,0,0,1
MRNA,Moderna Inc,68.27,STRONG BUY,5,4,1,38.75,30.66,18.46,54.85,56.07,68.35,-61.67,11.92,6.3844,55.1466,42.3822,5.3562,1,0,1,1,1,0,0,0,0,1
TXN,Texas Instruments,311.46,STRONG BUY,5,4,1,14.23,26.43,26.52,55.14,53.77,45.89,-38.75,2.33,2.0736,299.4455,217.7743,14.846,1,1,0,1,1,0,0,0,0,1
BAYRY,Bayer AG,14.27,STRONG BUY,4,5,-1,37.53,49.47,20.75,71.14,82.11,83.37,-20.96,30.44,1.0158,11.4678,10.7384,0.4373,1,1,1,1,1,0,-1,-1,0,1
KB,KB Financial Group,123.19,STRONG BUY,4,5,-1,20.24,48.6,16.75,69.47,94.83,95.18,-6.25,20.09,3.1963,106.4683,96.7775,4.232,1,1,0,1,1,1,0,-1,-1,1
AEG,Aegon Ltd,8.8,STRONG BUY,4,4,0,18.6,34.2,20.8,66.15,88.24,86.59,-6.12,2.92,0.1474,8.2971,7.7675,0.1301,1,1,0,1,1,0,0,0,-1,1
AAPL,Apple Inc,315.32,STRONG BUY,4,4,0,22.78,25.91,17.11,63.01,96.86,94.77,-3.68,7.14,4.6212,297.7338,272.2742,8.0701,1,1,0,1,1,0,0,0,-1,1
EBAY,eBay Inc,117.2,STRONG BUY,4,4,0,19.65,27.7,12.99,65.68,94.37,91.38,-6.45,7.55,1.9817,110.3905,94.6706,2.9948,1,1,0,1,1,0,0,0,-1,1
ETSY,Etsy Inc,81.05,STRONG BUY,4,4,0,38.01,28.08,12.0,66.54,76.72,67.78,-1.32,8.23,2.9585,68.4731,60.844,3.0024,1,1,1,-1,1,1,0,0,-1,1
IBB,iShares NASDAQ Biotechnology ETF,192.06,STRONG BUY,4,4,0,39.2,32.75,17.14,64.18,85.36,91.82,-29.03,7.84,6.6884,175.0469,168.3574,3.8811,1,0,1,1,1,0,0,-1,0,1
IVW,iShares S&P 500 Growth ETF,138.59,STRONG BUY,4,4,0,19.03,21.39,24.07,57.44,86.06,76.24,-0.57,3.65,0.5592,135.8197,125.0397,2.3859,1,1,0,1,1,0,0,0,-1,1
ITUB,Itau Unibanco,8.62,STRONG BUY,4,4,0,21.54,35.12,15.45,67.73,79.17,76.15,-5.81,8.56,0.1078,8.0322,7.7435,0.2122,1,1,0,1,1,0,0,0,-1,1
PCAR,PACCAR Inc,124.57,STRONG BUY,4,4,0,18.76,27.33,14.69,59.16,71.88,74.78,-16.83,6.67,2.0227,116.3135,112.8758,3.2817,1,1,0,1,1,0,0,0,-1,1
PBI,Pitney Bowes,18.33,STRONG BUY,4,4,0,31.97,33.74,14.9,66.09,68.71,49.58,-14.0,7.51,0.3558,16.4916,12.138,0.6228,1,1,1,-1,1,1,0,0,-1,1
SBUX,Starbucks Corp,106.01,STRONG BUY,4,4,0,12.83,26.65,20.83,60.68,80.71,73.78,-18.55,4.91,1.2053,102.4436,92.7916,2.6823,1,1,0,1,1,0,0,0,-1,1
UNH,UnitedHealth Group,424.62,STRONG BUY,4,4,0,45.07,26.14,9.18,59.39,82.75,84.15,-28.22,3.76,10.3983,395.9332,336.981,9.9834,1,1,1,0,1,0,0,-1,0,1
ADDYY,Adidas AG,104.09,STRONG BUY,4,3,1,21.81,26.5,24.24,59.81,61.82,70.89,-34.18,6.88,2.8317,94.6084,93.0618,2.5194,1,1,0,0,1,0,0,0,0,1
ARCO,Arcos Dorados Holdings,8.46,STRONG BUY,4,3,1,10.04,27.04,20.54,52.98,45.05,33.7,-23.81,4.32,-0.0741,8.5215,7.8918,0.2574,1,0,0,1,1,0,0,0,0,1
BAC,Bank of America,59.67,STRONG BUY,4,3,1,41.19,33.26,15.65,66.01,61.84,67.31,-28.86,3.04,1.5391,54.1998,52.4829,1.1645,1,1,1,-1,1,0,0,0,0,1
AVGO,Broadcom Inc,399.97,STRONG BUY,4,3,1,18.31,27.22,26.15,53.68,68.99,52.65,-25.2,5.21,-4.792,406.3834,361.7679,17.5348,1,0,0,1,1,0,0,0,0,1
CAH,Cardinal Health,235.8,STRONG BUY,4,3,1,30.24,23.18,20.76,63.97,66.44,73.29,-35.4,3.01,7.3889,211.0547,202.7674,5.5211,1,1,1,-1,1,0,0,0,0,1
CX,Cemex SAB,12.48,STRONG BUY,4,3,1,12.63,27.32,26.08,52.07,46.43,34.72,-34.02,2.63,-0.0751,12.5887,11.4749,0.3768,1,0,0,1,1,0,0,0,0,1
XLY,Consumer Discretionary Select Sector ETF,117.24,STRONG BUY,4,3,1,10.62,26.36,22.74,51.63,54.82,56.46,-32.4,3.06,-0.0017,117.4096,117.2381,2.2187,1,0,0,1,1,0,0,0,0,1
CVS,CVS Health,104.15,STRONG BUY,4,3,1,39.74,25.19,14.49,61.52,70.54,70.91,-27.97,2.54,2.5467,95.9206,81.9428,2.4786,1,1,1,-1,1,0,0,0,0,1
JPM,JPMorgan Chase,336.47,STRONG BUY,4,3,1,27.87,27.65,17.32,60.14,53.45,58.39,-35.07,0.7,6.2523,315.0341,307.4631,7.0339,1,1,1,-1,1,0,0,0,0,1
KMB,Kimberly-Clark,112.41,STRONG BUY,4,3,1,28.77,36.24,20.93,63.09,65.18,71.48,-26.87,8.14,3.5374,100.984,103.2266,2.6982,-1,1,1,1,1,0,0,0,0,1
NGG,National Grid PLC,82.59,STRONG BUY,4,3,1,12.19,26.64,30.28,50.84,72.59,77.53,-38.23,1.25,0.1082,82.7285,81.3441,1.4131,1,0,0,1,1,0,0,0,0,1
RTX,RTX Corporation,195.93,STRONG BUY,4,3,1,29.11,28.81,16.5,60.32,62.59,70.97,-34.87,5.12,4.3422,181.6404,184.3143,4.5698,-1,1,1,1,1,0,0,0,0,1
SIEGY,Siemens AG,155.97,STRONG BUY,4,3,1,9.64,32.42,34.59,50.89,42.86,42.19,-48.71,0.59,0.4828,155.0568,142.8289,3.9713,1,1,0,0,1,0,0,0,0,1
SYY,Sysco Corp,83.83,STRONG BUY,4,3,1,37.99,24.18,11.12,63.75,68.79,75.09,-20.08,5.74,1.8576,77.3195,77.798,1.7153,-1,1,1,1,1,0,0,0,0,1
UL,Unilever NV,61.72,STRONG BUY,4,3,1,25.96,38.55,22.37,59.29,63.39,70.01,-33.44,4.17,1.0982,58.3591,63.6234,1.089,-1,1,1,1,1,0,0,0,0,1
PSO,Pearson PLC,16.91,BUY,3,5,-2,28.04,41.86,15.86,76.16,92.91,93.05,-9.55,12.81,0.4875,15.343,13.8249,0.3042,1,1,1,1,1,0,-1,-1,-1,1
AMZN,Amazon.com Inc,245.34,BUY,3,3,0,21.22,24.6,17.83,50.6,82.29,82.39,-22.34,4.8,-1.5206,254.1517,233.3625,7.7717,1,0,0,1,1,0,0,-1,0,1
GGB,Gerdau SA,4.5,BUY,3,3,0,17.3,33.52,22.31,57.54,75.76,58.44,-6.9,7.91,-0.0503,4.5123,3.9216,0.1364,1,0,0,1,1,0,0,0,-1,1
HPQ,HP Inc,24.22,BUY,3,3,0,19.18,25.78,16.48,57.39,82.26,66.28,-19.69,2.32,-0.0163,23.1188,22.2185,0.9697,1,0,0,1,1,0,0,0,-1,1
SNOW,Snowflake Inc,261.45,BUY,3,3,0,32.14,30.41,14.4,65.07,84.01,85.63,-23.45,13.47,13.9237,210.1828,207.5146,13.1562,1,1,1,-1,1,0,0,-1,0,1
TMO,Thermo Fisher Scientific,527.05,BUY,3,3,0,28.94,37.17,14.46,65.07,86.32,83.14,-8.13,12.29,13.1883,477.2322,526.9532,14.481,-1,1,1,1,1,0,0,0,-1,1
ABBV,AbbVie Inc,248.08,BUY,3,2,1,33.11,29.73,17.88,60.38,73.75,79.15,-34.16,5.67,8.9265,223.9163,221.9279,6.5523,1,0,1,-1,1,0,0,0,0,1
AMD,Advanced Micro Devices,557.89,BUY,3,2,1,22.33,29.92,19.15,57.29,50.71,40.98,-30.03,7.32,18.4857,481.2604,287.5049,37.2997,1,1,0,-1,1,0,0,0,0,1
AAL,American Airlines,16.95,BUY,3,2,1,36.01,29.14,22.12,58.4,38.41,44.6,-60.73,5.02,0.8113,14.6031,13.4625,0.7268,1,0,1,-1,1,0,0,0,0,1
AIG,American International Group,79.17,BUY,3,2,1,20.37,30.72,18.41,59.76,63.1,72.47,-39.28,3.45,1.2132,75.9022,77.1072,1.7177,-1,1,0,1,1,0,0,0,0,1
AMGN,Amgen Inc,363.39,BUY,3,2,1,15.74,23.3,17.79,58.61,74.22,78.14,-31.5,4.72,6.6961,343.0232,335.6636,8.475,1,1,0,1,-1,0,0,0,0,1
AMAT,Applied Materials,602.5,BUY,3,2,1,24.9,31.98,27.62,54.03,28.1,21.5,-64.69,2.84,25.4165,507.5819,348.8045,45.8508,1,1,0,-1,1,0,0,0,0,1
SAN,Banco Santander SA,13.87,BUY,3,2,1,24.69,33.52,23.37,59.74,40.36,53.06,-48.15,1.99,0.3713,12.7021,11.6616,0.3298,1,1,0,-1,1,0,0,0,0,1
BCS,Barclays PLC,27.48,BUY,3,2,1,24.57,37.2,25.95,59.76,40.61,48.94,-49.74,1.7,0.7449,24.949,23.4405,0.6625,1,1,0,-1,1,0,0,0,0,1
BB,BlackBerry Ltd,10.97,BUY,3,2,1,42.27,31.5,18.63,58.07,54.61,55.36,-50.1,24.38,0.8472,8.5742,5.188,0.8468,1,0,1,-1,1,0,0,0,0,1
BMY,Bristol-Myers Squibb,57.58,BUY,3,2,1,11.31,20.92,18.88,53.17,83.34,83.23,-20.27,3.69,0.2934,56.8153,53.7344,1.3915,1,1,0,1,-1,0,0,0,0,1
KO,Coca-Cola Co,83.49,BUY,3,2,1,17.55,29.48,20.25,58.2,63.37,67.33,-33.08,3.96,1.0,80.274,74.2336,1.6991,1,1,0,1,-1,0,0,0,0,1
DAL,Delta Air Lines,87.39,BUY,3,2,1,38.24,32.0,24.65,53.59,37.3,44.48,-71.57,0.77,2.706,80.0302,68.6672,3.0172,1,0,1,-1,1,0,0,0,0,1
LLY,Eli Lilly & Co,1188.58,BUY,3,2,1,31.82,26.52,18.69,57.47,73.55,79.55,-38.23,7.36,36.4164,1086.1973,995.0672,38.1627,1,0,1,-1,1,0,0,0,0,1
RACE,Ferrari NV,376.64,BUY,3,2,1,19.69,37.84,24.84,57.03,58.27,67.16,-39.56,9.21,8.4212,350.724,370.26,9.938,-1,1,0,1,1,0,0,0,0,1
GE,GE Aerospace,359.27,BUY,3,2,1,33.24,24.98,22.89,55.91,29.79,42.15,-66.88,0.79,10.7367,326.9922,310.7217,9.6724,1,0,1,-1,1,0,0,0,0,1
GT,Goodyear Tire & Rubber,6.81,BUY,3,2,1,20.85,27.52,19.31,57.34,59.4,65.33,-28.57,15.42,0.1604,6.2718,7.5565,0.326,-1,1,0,1,1,0,0,0,0,1
HDB,HDFC Bank Ltd,26.51,BUY,3,2,1,21.44,34.02,20.56,59.87,63.11,71.0,-33.0,5.96,0.562,24.8174,30.714,0.6232,-1,1,0,1,1,0,0,0,0,1
HMC,Honda Motor Co,27.93,BUY,3,2,1,17.01,39.87,29.62,56.48,53.2,61.72,-42.46,9.19,0.5101,26.2119,28.4008,0.6784,-1,1,0,1,1,0,0,0,0,1
IBM,IBM,287.56,BUY,3,2,1,25.12,33.27,20.49,55.4,75.27,83.78,-35.65,8.54,8.7924,261.3729,273.8926,12.3832,-1,0,1,1,1,0,0,0,0,1
RSP,Invesco S&P 500 Equal Weight ETF,214.3,BUY,3,2,1,11.82,23.55,21.09,60.27,65.18,69.08,-23.74,2.59,1.776,208.0432,197.0234,2.3162,1,1,0,-1,1,0,0,0,0,1
IEUR,iShares Core MSCI Europe ETF,75.13,BUY,3,2,1,8.56,28.83,29.57,53.64,52.93,61.3,-41.89,1.69,0.3892,73.9261,71.612,0.9268,1,1,0,1,-1,0,0,0,0,1
JNJ,Johnson & Johnson,256.98,BUY,3,2,1,34.22,37.38,18.47,60.55,77.1,84.1,-29.69,7.49,7.8252,235.5921,220.0312,5.9265,1,0,1,1,-1,0,0,0,0,1
MA,Mastercard Inc,526.74,BUY,3,2,1,22.64,28.01,15.93,60.77,66.84,70.28,-26.85,7.92,9.1662,499.5076,528.6149,12.2831,-1,1,0,1,1,0,0,0,0,1
MDT,Medtronic PLC,83.87,BUY,3,2,1,16.91,30.12,23.09,59.46,59.86,63.94,-27.01,4.02,0.9697,79.0688,90.3001,2.1273,-1,1,0,1,1,0,0,0,0,1
NU,Nu Holdings Ltd,13.76,BUY,3,2,1,23.08,34.7,16.22,59.91,63.72,65.84,-28.84,9.29,0.252,13.0068,15.2208,0.5128,-1,1,0,1,1,0,0,0,0,1
SHOP,Shopify Inc,122.54,BUY,3,2,1,13.51,35.38,21.82,58.73,73.08,75.23,-33.17,13.8,2.8491,111.9934,135.4962,5.9964,-1,1,0,1,1,0,0,0,0,1
SPGI,S&P Global Inc,430.5,BUY,3,2,1,12.82,31.49,25.45,54.04,72.78,79.62,-28.54,7.58,4.2226,418.6943,459.6436,14.9268,-1,1,0,1,1,0,0,0,0,1
TGT,Target Corp,135.14,BUY,3,2,1,14.86,31.33,26.79,56.46,47.33,34.24,-42.38,0.77,1.0881,128.2009,109.7016,4.2063,1,1,0,-1,1,0,0,0,0,1
VEA,Vanguard FTSE Developed Markets ETF,70.99,BUY,3,2,1,13.01,24.71,32.36,51.62,40.98,38.8,-48.76,1.17,0.1412,70.3366,65.126,1.0836,1,1,0,-1,1,0,0,0,0,1
YELP,Yelp Inc,25.81,BUY,3,2,1,24.5,29.76,19.84,58.79,68.08,73.39,-29.49,13.85,0.6362,24.2942,27.1666,1.0881,-1,1,0,1,1,0,0,0,0,1
HON,Honeywell International,226.42,BUY,3,1,2,11.65,40.67,40.44,48.63,2.05,2.11,-96.66,1.82,-0.0808,226.9008,215.5813,25.1989,1,0,0,-1,1,0,0,0,1,1
UGP,Ultrapar Participacoes,6.0,BUY,2,4,-2,33.93,45.74,16.37,76.62,94.69,95.02,-4.07,21.46,0.1364,5.3701,4.759,0.1775,1,0,1,1,1,0,-1,-1,-1,1
C,Citigroup Inc,140.79,BUY,2,3,-1,26.56,22.65,20.71,54.68,19.61,21.77,-65.77,-2.88,1.9383,133.1311,115.9304,3.3586,1,1,1,-1,1,0,0,0,0,-1
NXE,NexGen Energy,9.67,BUY,2,3,-1,20.21,19.53,25.07,44.52,28.91,21.36,-57.22,-6.66,-0.398,10.8204,10.5884,0.515,1,0,0,1,1,0,0,0,0,-1
VIST,Vista Energy,64.81,BUY,2,3,-1,24.57,19.93,26.23,44.2,48.43,38.1,-47.14,-2.83,-2.1999,70.1756,57.3685,2.6961,1,0,0,1,1,0,0,0,0,-1
SBS,Cia Saneamento Basico,6.06,BUY,2,2,0,37.22,28.84,26.45,52.84,87.67,83.29,-3.88,10.58,-0.1691,5.7928,20.0818,0.1889,-1,0,1,1,1,0,0,0,-1,1
DHR,Danaher Corp,199.05,BUY,2,2,0,22.22,33.75,18.13,63.48,85.46,81.33,-3.18,11.22,4.4151,180.1853,203.6505,5.3544,-1,1,0,1,1,0,0,0,-1,1
DE,Deere & Co,586.86,BUY,2,2,0,25.5,22.23,17.14,46.53,15.89,32.59,-93.73,-0.86,7.2006,580.6786,535.4505,18.5727,1,0,1,-1,1,0,0,0,1,-1
SPY,SPDR S&P 500 ETF Trust,754.95,BUY,2,2,0,21.05,21.5,25.85,59.6,92.42,88.42,-1.21,2.91,3.6143,739.8438,692.3406,9.3261,1,1,0,1,-1,0,0,0,-1,1
PSX,Phillips 66,188.36,BUY,2,2,0,16.82,33.53,14.8,64.14,90.76,90.68,-16.58,10.58,2.7495,176.2301,153.7555,5.6227,1,1,0,1,-1,0,0,0,-1,1
TWLO,Twilio Inc,214.56,BUY,2,2,0,23.33,29.24,12.37,61.78,85.0,85.94,-29.31,16.58,5.431,198.2226,142.6258,10.659,1,1,0,1,-1,0,0,-1,0,1
VOD,Vodafone Group,14.72,BUY,2,2,0,29.98,46.24,26.95,60.4,38.69,19.27,-6.53,4.77,-0.3492,14.612,13.7279,0.3729,1,0,1,1,-1,0,0,0,-1,1
MO,Altria Group,71.79,BUY,2,1,1,13.1,24.05,24.69,51.83,64.2,70.85,-45.06,0.25,0.5716,70.8881,63.8445,1.6158,1,0,0,-1,1,0,0,0,0,1
AMX,America Movil,26.01,BUY,2,1,1,10.76,22.12,20.32,48.6,44.59,44.85,-58.5,0.62,-0.0387,26.2872,23.6769,0.6466,1,-1,0,0,1,0,0,0,0,1
AXP,American Express,350.58,BUY,2,1,1,25.19,30.4,20.55,60.5,42.27,45.95,-34.61,3.79,7.2967,324.6321,337.3712,8.6953,-1,1,1,-1,1,0,0,0,0,1
BK,Bank of New York Mellon,143.56,BUY,2,1,1,32.13,16.92,15.68,53.76,51.06,62.7,-56.01,0.22,2.1488,138.357,120.3604,3.5467,1,0,1,0,-1,0,0,0,0,1
BA,Boeing,222.28,BUY,2,1,1,11.69,25.56,23.37,49.76,38.32,54.34,-66.81,2.57,1.0072,223.3428,218.6456,6.4459,1,0,0,1,-1,0,0,0,0,1
DANOY,Danone,16.59,BUY,2,1,1,26.23,45.25,28.53,62.25,78.03,82.82,-24.51,7.24,0.4499,15.2656,16.6057,0.2805,-1,1,1,1,-1,0,0,0,0,1
EQNR,Equinor ASA,33.92,BUY,2,1,1,19.61,32.34,30.95,49.35,80.92,77.17,-22.75,3.89,-0.7712,36.1411,29.9579,0.9649,1,0,0,1,-1,0,0,0,0,1
FMX,Fomento Economico Mexicano,127.66,BUY,2,1,1,13.65,20.13,18.75,54.28,53.36,61.67,-44.77,0.43,1.5083,123.6878,108.6625,2.9909,1,0,0,-1,1,0,0,0,0,1
GPRK,GeoPark Ltd,9.89,BUY,2,1,1,16.53,25.85,19.98,51.82,61.6,53.74,-37.27,2.28,-0.1392,9.9638,8.4411,0.4222,1,0,0,1,-1,0,0,0,0,1
GILD,Gilead Sciences,129.83,BUY,2,1,1,17.79,22.98,18.67,51.11,71.81,81.93,-53.54,3.82,1.1673,129.2925,129.5926,3.9055,-1,0,0,1,1,0,0,0,0,1
GFI,Gold Fields Ltd,34.14,BUY,2,1,1,17.58,26.64,32.89,44.03,35.97,27.45,-37.72,1.58,-1.3773,38.4578,43.2684,1.6911,-1,0,0,1,1,0,0,0,0,1
TV,Grupo Televisa,2.77,BUY,2,1,1,13.84,20.6,22.62,51.17,32.02,28.6,-57.14,2.21,-0.0241,2.7841,2.8745,0.0996,-1,0,0,1,1,0,0,0,0,1
HL,Hecla Mining,15.82,BUY,2,1,1,13.73,23.05,25.92,48.83,51.43,47.08,-35.42,4.98,-0.2564,16.7512,18.0936,0.9102,-1,0,0,1,1,0,0,0,0,1
XLI,Industrial Select Sector ETF,181.92,BUY,2,1,1,15.14,21.9,22.11,54.61,42.39,48.88,-49.24,2.12,1.946,176.279,164.8308,3.201,1,0,0,-1,1,0,0,0,0,1
INTC,Intel Corp,109.84,BUY,2,1,1,19.75,25.49,32.12,44.14,17.04,15.45,-85.69,-16.96,-0.1269,116.8174,62.4187,9.9244,1,0,0,-1,1,0,0,1,1,-1
IFF,Intl Flavors & Fragrances,77.53,BUY,2,1,1,20.21,26.25,25.7,50.04,43.57,58.21,-64.68,3.77,1.264,75.8503,70.3708,2.4423,1,0,0,-1,1,0,0,0,0,1
JCI,Johnson Controls,142.81,BUY,2,1,1,9.54,23.67,23.51,51.01,33.22,30.66,-55.95,1.08,-0.0826,141.7323,127.794,5.1608,1,0,0,-1,1,0,0,0,0,1
PHG,Koninklijke Philips,27.4,BUY,2,1,1,12.83,31.57,27.23,54.62,49.21,64.79,-57.07,2.97,0.3344,26.4094,27.8297,0.5188,-1,0,0,1,1,0,0,0,0,1
MRVL,Marvell Technology,235.81,BUY,2,1,1,23.39,22.14,28.4,45.72,13.77,11.59,-85.89,-15.49,-0.3364,231.0322,126.599,24.8464,1,0,0,-1,1,0,0,1,1,-1
XLB,Materials Select Sector ETF,50.89,BUY,2,1,1,11.61,21.23,25.95,47.94,21.98,24.68,-56.52,0.04,-0.1015,51.184,48.2663,0.8938,1,-1,0,0,1,0,0,0,0,1
MRK,Merck & Co,123.54,BUY,2,1,1,20.73,24.01,21.79,52.48,70.04,78.03,-39.04,3.29,2.5562,117.6848,107.507,3.3648,1,0,0,-1,1,0,0,0,0,1
MSFT,Microsoft Corp,385.1,BUY,2,1,1,19.4,28.63,34.95,47.33,75.62,76.42,-22.58,2.98,-5.4972,403.4784,441.4582,11.5343,-1,0,0,1,1,0,0,0,0,1
NTES,NetEase Inc,128.03,BUY,2,1,1,18.63,35.23,26.66,54.57,78.19,86.06,-38.25,7.36,3.0152,121.0851,127.8781,3.6927,-1,0,0,1,1,0,0,0,0,1
PM,Philip Morris International,181.62,BUY,2,1,1,14.32,23.78,23.07,51.33,63.16,75.32,-46.41,1.64,1.3518,179.7319,166.2307,4.8251,1,0,0,1,-1,0,0,0,0,1
ROKU,Roku Inc,140.69,BUY,2,1,1,29.23,32.47,17.34,60.96,66.13,67.49,-26.65,4.17,3.6602,130.0477,107.9105,3.5343,1,1,1,-1,-1,0,0,0,0,1
SNA,Snap-on Inc,401.94,BUY,2,1,1,18.48,21.53,18.06,57.75,58.46,68.47,-40.38,4.17,7.0782,381.3619,362.0071,8.1199,1,0,0,-1,1,0,0,0,0,1
XLK,Technology Select Sector ETF,185.78,BUY,2,1,1,15.67,23.81,27.74,52.77,43.57,33.31,-47.49,0.86,0.6664,180.9678,152.5674,5.7121,1,0,0,-1,1,0,0,0,0,1
TSLA,Tesla Inc,407.76,BUY,2,1,1,12.38,24.53,24.32,51.4,53.21,53.81,-39.06,6.85,-0.1496,408.9087,418.068,18.5382,-1,0,0,1,1,0,0,0,0,1
WFC,Wells Fargo,87.16,BUY,2,1,1,27.29,30.44,16.84,61.99,68.72,71.66,-23.31,3.6,1.7288,80.555,84.14,1.9116,-1,1,1,1,-1,0,0,0,0,1
ISRG,Intuitive Surgical,406.78,BUY,2,0,2,18.62,23.11,24.99,44.99,29.41,45.09,-80.01,0.89,-2.3384,424.0652,488.0215,13.1631,-1,-1,0,1,1,0,0,0,1,1
DD,DuPont de Nemours,134.68,HOLD,1,3,-2,48.67,58.99,12.74,81.34,90.46,92.29,-10.35,188.58,23.3573,69.271,48.5189,5.9616,1,1,1,1,-1,0,-1,-1,-1,1
BASFY,BASF SE,13.5,HOLD,1,2,-1,24.5,19.63,31.09,38.4,36.75,32.31,-61.11,-2.32,-0.296,14.5393,13.7355,0.2275,1,-1,0,1,1,0,0,0,0,-1
MELI,MercadoLibre Inc,1852.22,HOLD,1,2,-1,20.23,37.18,15.61,67.5,89.88,91.13,-10.01,16.96,44.1342,1683.9458,1927.0807,60.5857,-1,1,0,1,1,0,0,-1,-1,1
ARM,ARM Holdings PLC,323.39,HOLD,1,1,0,22.48,23.3,26.5,48.12,16.81,11.79,-78.68,-11.74,-2.493,308.722,181.2187,32.0546,1,0,0,-1,1,0,0,1,0,-1
BBD,Banco Bradesco,3.65,HOLD,1,1,0,13.8,33.18,14.75,63.17,73.38,54.89,-6.06,6.41,-0.0004,3.5117,3.5565,0.1007,-1,0,0,1,1,0,0,0,-1,1
CVX,Chevron Corp,176.4,HOLD,1,1,0,22.61,26.74,27.81,49.74,74.84,64.11,-15.8,0.24,-2.9568,182.2684,171.498,3.872,1,0,0,1,-1,0,0,0,-1,1
KOF,Coca-Cola FEMSA,104.21,HOLD,1,1,0,12.33,14.76,22.97,44.38,15.52,25.75,-80.25,-2.61,-0.3459,106.0475,98.4926,2.6162,1,0,0,-1,1,0,0,0,1,-1
XLC,Communication Services Select Sector ETF,111.64,HOLD,1,1,0,20.67,28.35,29.07,54.15,76.06,72.58,-8.7,4.07,-0.6204,112.891,114.523,1.9285,-1,0,0,1,1,0,0,0,-1,1
DOCU,DocuSign Inc,49.18,HOLD,1,1,0,11.79,27.72,20.08,59.65,88.96,85.57,-6.98,15.26,0.2819,47.1629,56.3549,2.1779,-1,0,0,1,1,0,0,0,-1,1
META,Meta Platforms,669.21,HOLD,1,1,0,17.1,36.29,22.51,66.01,87.74,82.62,-6.28,19.03,8.6052,600.1805,642.1184,26.3657,-1,0,0,1,1,0,0,0,-1,1
NVDA,Nvidia Corp,210.96,HOLD,1,1,0,16.92,23.48,20.61,57.03,66.78,50.57,-12.53,5.46,-1.7061,209.0573,191.6205,7.2004,1,0,0,1,-1,0,0,0,-1,1
PYPL,PayPal Holdings,46.32,HOLD,1,1,0,14.56,28.94,24.55,60.84,81.92,81.12,-2.61,11.08,0.5166,44.333,53.0507,1.404,-1,0,0,1,1,0,0,0,-1,1
SHEL,Shell PLC,82.23,HOLD,1,1,0,22.69,34.73,27.16,53.63,86.58,80.9,-9.27,3.42,-0.9055,83.5758,79.3544,1.5242,1,0,0,1,-1,0,0,0,-1,1
TMUS,T-Mobile US,187.61,HOLD,1,1,0,19.48,28.91,27.46,55.98,71.64,69.18,-9.71,1.65,-1.0029,185.6452,201.6984,5.8439,-1,0,0,1,1,0,0,0,-1,1
VIV,Telefonica Brasil,13.94,HOLD,1,1,0,15.7,32.26,17.08,60.73,83.77,78.12,-5.14,5.45,0.0034,13.5911,13.7326,0.3243,-1,0,0,1,1,0,0,0,-1,1
TRIP,Tripadvisor Inc,13.98,HOLD,1,1,0,37.28,31.14,15.58,63.0,64.14,64.29,-14.73,12.83,0.5863,11.7346,12.9234,0.6511,-1,1,1,-1,1,0,0,0,-1,1
XRX,Xerox Holdings,2.82,HOLD,1,1,0,24.67,18.59,20.39,44.47,18.65,12.14,-73.81,-10.19,-0.0549,2.9286,2.493,0.2377,1,0,0,-1,1,0,0,1,0,-1
ZM,Zoom Video Communications,89.76,HOLD,1,1,0,17.84,26.04,26.64,48.54,74.17,55.33,-18.76,3.83,-2.2221,96.7116,87.3721,3.7027,1,0,0,1,-1,0,0,0,-1,1
GOOGL,Alphabet Inc,357.18,HOLD,1,0,1,14.64,20.43,26.94,47.11,67.81,73.1,-37.2,3.19,-1.7799,372.5526,318.6912,10.6287,1,-1,0,1,-1,0,0,0,0,1
BKNG,Booking Holdings,178.39,HOLD,1,0,1,15.94,26.21,22.81,54.15,49.37,55.65,-41.03,5.59,3.0278,168.3933,187.3283,6.5332,-1,1,0,-1,1,0,0,0,0,1
XLP,Consumer Staples Select Sector ETF,84.12,HOLD,1,0,1,10.92,26.46,25.19,50.38,46.02,50.96,-48.29,0.48,0.0301,84.0999,81.3692,1.2636,1,0,0,0,-1,0,0,0,0,1
IBN,ICICI Bank Ltd,29.0,HOLD,1,0,1,26.94,33.53,22.95,57.25,48.97,59.67,-50.62,2.4,0.6414,27.1471,29.0882,0.5416,-1,0,1,-1,1,0,0,0,0,1
IP,International Paper,37.93,HOLD,1,0,1,23.25,27.36,20.64,57.89,34.13,38.65,-49.35,3.75,0.9814,34.1771,38.7662,1.2881,-1,1,0,-1,1,0,0,0,0,1
NOW,ServiceNow Inc,107.71,HOLD,1,0,1,13.56,30.91,26.77,54.38,76.72,80.31,-24.92,12.27,1.3024,101.8872,130.8314,6.2361,-1,1,0,1,-1,0,0,0,0,1
MCD,McDonald's Corp,274.6,HOLD,1,0,1,15.94,22.74,22.84,47.1,52.61,59.4,-55.41,1.08,-0.9903,277.967,301.1714,6.0102,-1,-1,0,1,1,0,0,0,0,1
MSI,Motorola Solutions,422.88,HOLD,1,0,1,18.9,21.26,19.05,59.3,72.57,76.15,-21.22,8.59,3.5623,409.8297,417.5547,10.0886,-1,1,0,1,-1,0,0,0,0,1
SPOT,Spotify Technology,479.77,HOLD,1,0,1,12.52,23.32,22.87,51.39,78.73,84.61,-28.02,5.33,1.6399,468.3398,539.2749,18.5817,-1,1,0,1,-1,0,0,0,0,1
SUZ,Suzano SA,8.07,HOLD,1,0,1,25.09,23.73,26.38,48.81,48.69,43.62,-36.02,0.37,-0.105,8.2724,9.2384,0.1983,-1,0,-1,1,1,0,0,0,0,1
BIIB,Biogen Inc,199.15,HOLD,1,-1,2,17.35,19.03,24.62,47.02,22.46,32.75,-81.14,0.99,2.1386,197.5084,179.1192,6.6013,1,0,0,-1,-1,0,0,0,1,1
FNMA,Fannie Mae,6.34,HOLD,1,-1,2,11.49,22.46,20.92,46.59,17.65,13.9,-68.24,2.92,-0.2092,7.0188,8.7194,0.4428,-1,0,0,-1,1,0,0,1,0,1
SCHW,Charles Schwab,103.12,HOLD,0,2,-2,24.22,35.53,14.69,74.09,92.88,93.22,-2.82,10.68,3.1146,91.539,94.6568,2.3886,-1,1,0,1,1,0,-1,-1,-1,1
SE,Sea Ltd,111.14,HOLD,0,2,-2,23.91,39.93,15.09,74.02,91.87,92.14,-15.24,21.08,5.2343,91.2093,116.5538,4.7195,-1,1,0,1,1,0,-1,-1,-1,1
ADI,Analog Devices,395.65,HOLD,0,1,-1,17.72,21.76,29.52,48.3,27.36,21.53,-67.17,-2.85,-5.6646,407.8381,320.2032,17.5341,1,0,0,-1,1,0,0,0,0,-1
CAT,Caterpillar Inc,952.41,HOLD,0,1,-1,21.12,26.37,25.9,49.92,22.43,21.98,-73.84,-3.23,11.7134,925.1243,708.2181,42.2817,1,0,0,-1,1,0,0,0,0,-1
EONGY,E.ON SE,21.67,HOLD,0,1,-1,15.37,39.26,26.7,58.19,88.46,92.06,-18.9,7.12,0.1442,21.1806,20.391,0.4135,1,0,0,1,-1,0,0,-1,-1,1
ERIC,Ericsson LM,11.35,HOLD,0,1,-1,21.01,24.76,25.61,47.07,58.13,37.95,-38.24,-0.26,-0.2948,12.073,10.6026,0.3615,1,0,0,1,-1,0,0,0,0,-1
XOM,Exxon Mobil,138.88,HOLD,0,1,-1,20.6,24.09,27.82,44.53,46.53,56.3,-56.53,-0.61,-2.4549,146.6015,135.6078,3.305,1,0,0,1,-1,0,0,0,0,-1
LRCX,Lam Research,350.33,HOLD,0,1,-1,20.25,29.94,30.03,49.19,25.88,18.93,-70.31,-5.66,5.0052,328.8527,227.9549,27.5296,1,0,0,-1,1,0,0,0,0,-1
SCCO,Southern Copper Corp,175.83,HOLD,0,1,-1,10.6,26.62,28.34,48.8,33.88,23.55,-52.59,-1.53,-3.0806,179.7924,164.5304,7.7928,1,0,0,-1,1,0,0,0,0,-1
TSM,Taiwan Semiconductor,434.11,HOLD,0,1,-1,12.86,23.56,25.64,49.93,28.13,30.32,-75.05,-0.52,4.6855,423.0957,347.3441,19.8713,1,0,0,-1,1,0,0,0,0,-1
TX,Ternium SA,44.3,HOLD,0,1,-1,24.8,20.76,26.35,47.46,33.61,23.9,-51.34,-2.34,-0.9829,45.6066,40.7543,1.52,1,0,0,-1,1,0,0,0,0,-1
ANF,Abercrombie & Fitch,93.07,HOLD,0,0,0,16.76,25.04,18.82,60.45,61.33,51.41,-2.99,10.51,2.1385,82.2128,89.6974,4.0297,-1,1,0,-1,1,0,0,0,-1,1
AGRO,Adecoagro SA,10.31,HOLD,0,0,0,29.47,22.49,24.54,48.45,79.56,64.62,-18.45,10.03,-0.4801,11.7304,10.0054,0.4894,1,0,-1,1,-1,0,0,0,-1,1
BABA,Alibaba Group,112.33,HOLD,0,0,0,33.26,38.61,28.2,56.0,90.84,71.24,-13.78,9.48,-3.7857,119.4166,145.3908,3.9671,-1,0,1,1,-1,0,0,0,-1,1
GOLD,Barrick Gold Corp,39.45,HOLD,0,0,0,15.3,22.27,25.74,40.12,16.12,33.39,-97.99,-6.91,-0.1695,41.9883,39.5263,1.8179,1,-1,0,-1,1,0,0,0,1,-1
LND,BrasilAgro,3.67,HOLD,0,0,0,25.3,17.76,24.03,53.08,68.48,51.05,-4.55,3.97,-0.0382,3.717,3.823,0.0801,-1,0,-1,1,1,0,0,0,-1,1
PBR,Petrobras,17.32,HOLD,0,0,0,29.05,26.28,26.36,50.49,92.1,76.07,-2.01,1.7,-0.4326,18.5393,15.7839,0.4358,1,0,-1,1,-1,0,0,0,-1,1
PINS,Pinterest Inc,22.52,HOLD,0,0,0,18.57,24.83,14.25,61.01,88.87,88.77,-12.86,15.31,0.5524,20.7271,23.5916,0.9884,-1,1,0,1,-1,0,0,0,-1,1
PKX,POSCO Holdings,52.28,HOLD,0,0,0,35.33,26.88,41.09,37.74,16.31,12.77,-68.2,-3.33,-4.3134,67.491,59.8782,2.465,1,0,-1,1,-1,0,0,1,0,-1
VRSN,VeriSign Inc,270.11,HOLD,0,0,0,26.41,23.82,25.92,52.16,89.73,78.79,-7.17,9.26,-3.8301,278.8686,256.1621,7.7562,1,0,-1,1,-1,0,0,0,-1,1
WB,Weibo Corp,7.72,HOLD,0,0,0,28.04,24.47,22.59,55.14,93.12,86.04,-11.27,5.46,-0.0661,7.8638,9.6511,0.1672,-1,0,1,1,-1,0,0,0,-1,1
ABT,Abbott Laboratories,93.93,HOLD,0,-1,1,22.42,26.47,18.4,56.45,66.73,74.04,-38.52,3.76,1.4724,89.208,110.5321,2.3516,-1,0,0,1,-1,0,0,0,0,1
AAP,Advance Auto Parts,57.95,HOLD,0,-1,1,17.79,24.0,25.34,49.51,21.8,18.35,-57.13,5.73,-0.136,57.1379,52.4688,2.7389,1,0,0,-1,-1,0,0,0,0,1
AVY,Avery Dennison Corp,160.71,HOLD,0,-1,1,16.71,22.63,21.95,49.21,24.71,37.3,-63.83,1.81,0.5769,159.6979,171.4522,4.1306,-1,0,0,-1,1,0,0,0,0,1
CL,Colgate-Palmolive,92.24,HOLD,0,-1,1,15.25,22.64,23.0,53.32,46.76,59.41,-51.29,0.89,1.0908,89.5164,84.8074,2.1154,1,0,0,-1,-1,0,0,0,0,1
EFX,Equifax Inc,166.44,HOLD,0,-1,1,15.29,27.57,24.79,52.09,56.89,67.55,-44.14,9.12,0.7459,165.2656,196.5269,6.4189,-1,0,0,1,-1,0,0,0,0,1
HD,Home Depot,343.3,HOLD,0,-1,1,21.54,25.56,22.09,55.64,47.68,52.39,-41.86,5.81,6.2823,322.8246,351.0671,8.7432,-1,0,0,-1,1,0,0,0,0,1
KEP,Korea Electric Power,12.39,HOLD,0,-1,1,14.36,34.14,36.42,47.12,32.46,32.57,-42.99,3.16,-0.2447,13.1872,15.9507,0.4612,-1,0,0,1,-1,0,0,0,0,1
LMT,Lockheed Martin,523.22,HOLD,0,-1,1,16.99,23.38,26.01,50.1,57.64,66.41,-42.23,3.88,0.3173,519.3495,538.9335,13.5965,-1,0,0,1,-1,0,0,0,0,1
NVS,Novartis AG,154.05,HOLD,0,-1,1,12.64,28.75,27.14,51.89,57.36,62.79,-46.67,0.44,1.5696,150.329,141.9026,2.8766,1,0,0,-1,-1,0,0,0,0,1
SNAP,Snap Inc,4.68,HOLD,0,-1,1,17.53,22.95,24.37,42.4,61.28,46.57,-32.23,4.93,-0.206,5.3801,6.4348,0.2558,-1,0,0,1,-1,0,0,0,0,1
SONY,Sony Corp,20.85,HOLD,0,-1,1,14.59,33.43,34.51,50.62,71.1,79.6,-34.33,6.16,-0.0577,21.1041,23.9673,0.4714,-1,0,0,1,-1,0,0,0,0,1
TM,Toyota Motor Corp,176.45,HOLD,0,-1,1,24.94,33.88,37.35,49.8,63.09,71.6,-33.87,5.51,-1.5794,181.0915,204.6218,3.4536,-1,0,0,1,-1,0,0,0,0,1
ADP,Automatic Data Processing,241.92,HOLD,-1,0,-1,22.25,32.16,19.99,64.07,80.08,83.27,-18.78,9.71,6.0,222.0784,236.4972,6.2287,-1,1,0,1,-1,0,0,-1,-1,1
BKR,Baker Hughes,57.56,HOLD,-1,0,-1,35.85,18.27,28.14,46.2,65.27,47.56,-26.01,-1.91,-1.8746,62.356,55.6891,1.7905,1,0,-1,1,-1,0,0,0,0,-1
BAK,Braskem SA,2.61,HOLD,-1,0,-1,38.76,16.88,33.34,35.74,29.25,19.68,-54.72,-12.12,-0.3606,3.6575,3.3719,0.2293,1,0,-1,1,-1,0,0,0,0,-1
DEO,Diageo PLC,82.03,HOLD,-1,0,-1,9.38,32.89,32.69,51.88,46.15,50.45,-42.0,-0.26,0.0549,81.6629,86.5755,2.0713,-1,0,0,0,1,0,0,0,0,-1
DOW,Dow Inc,29.03,HOLD,-1,0,-1,26.59,23.86,33.54,39.37,36.32,28.78,-51.42,-4.29,-1.6529,33.9601,29.6526,1.1968,1,0,-1,1,-1,0,0,0,0,-1
E,ENI SPA,47.72,HOLD,-1,0,-1,33.99,24.55,42.76,41.53,53.56,44.93,-47.75,-2.05,-1.4097,51.9846,44.3977,1.1693,1,0,-1,1,-1,0,0,0,0,-1
GS,Goldman Sachs,1055.1801,HOLD,-1,0,-1,18.59,25.24,19.33,54.25,37.15,34.1,-53.81,-3.59,6.9404,1008.3104,891.7606,30.5116,1,1,0,-1,-1,0,0,0,0,-1
HAL,Halliburton Co,34.39,HOLD,-1,0,-1,38.18,15.7,28.27,40.91,53.17,39.55,-36.06,-2.05,-1.3456,38.505,32.8904,1.0416,1,0,-1,1,-1,0,0,0,0,-1
HOG,Harley-Davidson Inc,25.14,HOLD,-1,0,-1,12.12,23.39,16.36,51.85,44.89,53.61,-54.18,-1.72,0.175,24.6362,22.8077,0.9156,1,1,0,-1,-1,0,0,0,0,-1
MUX,McEwen Mining,17.88,HOLD,-1,0,-1,19.97,20.34,29.55,43.13,33.54,32.75,-57.45,-1.32,-0.6775,20.4287,20.9953,1.0648,-1,-1,0,1,1,0,0,0,0,-1
NEM,Newmont Corp,95.29,HOLD,-1,0,-1,16.56,20.86,29.99,43.29,23.33,19.53,-61.73,-2.61,-2.8795,104.5794,103.4927,3.8824,1,-1,0,1,-1,0,0,0,0,-1
NOK,Nokia Corp,12.44,HOLD,-1,0,-1,20.32,23.65,31.62,44.36,28.52,20.16,-71.14,-9.2,-0.4763,13.9146,8.7852,0.875,1,-1,0,-1,1,0,0,0,0,-1
SLB,Schlumberger Ltd,47.76,HOLD,-1,0,-1,38.04,18.31,30.13,41.55,52.53,35.42,-22.68,-0.06,-1.9192,52.8704,45.4553,1.376,1,0,-1,1,-1,0,0,0,0,-1
TTE,TotalEnergies SE,78.5,HOLD,-1,0,-1,35.05,18.51,35.07,39.74,50.78,40.59,-42.06,-2.25,-2.5604,86.2622,75.0183,1.6885,1,0,-1,1,-1,0,0,0,0,-1
WMT,Walmart Inc,113.9,HOLD,-1,0,-1,26.19,18.34,29.07,43.98,43.6,36.66,-49.43,-4.62,-2.4669,121.2712,117.0643,2.7997,1,0,-1,1,-1,0,0,0,0,-1
ADBE,Adobe Inc,223.64,HOLD,-1,-1,0,17.69,34.42,27.62,53.38,79.33,79.09,-17.96,13.28,-2.989,232.6439,285.1603,9.006,-1,0,0,1,-1,0,0,0,-1,1
AZN,AstraZeneca PLC,171.61,HOLD,-1,-1,0,16.25,23.18,38.62,38.13,31.22,55.42,-99.24,-5.2,-0.0859,183.5977,183.2956,5.6857,1,0,0,-1,-1,0,0,0,1,-1
BIDU,Baidu Inc,117.53,HOLD,-1,-1,0,15.75,29.55,26.92,50.79,88.1,80.15,-12.01,6.71,-1.9773,124.6147,127.4692,4.7437,-1,0,0,1,-1,0,0,0,-1,1
CCL,Carnival Corp,26.83,HOLD,-1,-1,0,15.52,22.58,31.2,44.55,19.05,12.51,-72.73,-6.58,-0.2634,27.2505,28.0524,1.2737,-1,0,0,-1,1,0,0,1,0,-1
CSCO,Cisco Systems,121.31,HOLD,-1,-1,0,23.63,24.2,21.62,57.98,56.08,33.22,-13.67,0.13,0.3772,113.6981,85.6782,3.8621,1,0,0,-1,-1,0,0,0,-1,1
GLW,Corning Inc,190.89,HOLD,-1,-1,0,14.73,33.24,31.6,47.92,13.25,13.92,-86.62,-1.64,1.9433,190.1801,129.6533,17.9,1,0,0,-1,-1,0,0,0,1,-1
COST,Costco Wholesale,916.25,HOLD,-1,-1,0,17.61,18.15,33.18,36.8,24.85,33.11,-85.56,-4.33,-15.3309,985.7319,956.0514,21.3769,1,-1,0,0,-1,0,0,0,1,-1
PAC,Grupo Aeroportuario Pacifico,235.64,HOLD,-1,-1,0,19.81,21.14,29.95,41.54,12.4,17.73,-85.77,-3.47,-0.6908,243.4276,246.5326,7.5681,-1,0,0,-1,1,0,0,0,1,-1
JD,JD.com Inc,28.2,HOLD,-1,-1,0,21.2,33.22,26.22,55.86,87.7,73.42,-8.85,7.96,-0.4344,28.9813,29.0485,0.7423,-1,0,0,1,-1,0,0,0,-1,1
NKE,Nike Inc,44.37,HOLD,-1,-1,0,16.69,26.28,24.25,55.27,61.6,54.7,-13.29,4.7,-0.2167,43.4855,56.2057,1.4721,-1,0,0,1,-1,0,0,0,-1,1
PAGS,PagSeguro Digital,9.25,HOLD,-1,-1,0,10.69,26.53,20.94,56.24,55.07,43.95,-17.95,5.59,-0.03,9.1711,9.8581,0.3224,-1,0,0,1,-1,0,0,0,-1,1
PAAS,Pan American Silver,43.67,HOLD,-1,-1,0,17.03,19.62,30.66,39.77,19.77,13.92,-73.26,-5.52,-2.1337,51.1045,50.1782,2.2831,1,-1,0,0,-1,0,0,1,0,-1
RIOT,Riot Platforms,20.965,HOLD,-1,-1,0,28.31,13.99,27.26,34.39,7.2,8.08,-95.07,-26.93,-1.0452,24.7017,18.4499,2.0219,1,-1,-1,-1,1,0,0,0,1,-1
STNE,StoneCo Ltd,11.21,HOLD,-1,-1,0,13.74,26.79,19.41,55.07,47.52,32.1,-17.58,4.57,-0.0246,10.8321,14.558,0.4559,-1,1,0,0,-1,0,0,0,-1,1
XP,XP Inc,16.92,HOLD,-1,-1,0,16.15,28.12,18.86,57.5,62.54,53.75,-12.07,7.63,-0.0428,16.668,18.0964,0.6512,-1,0,0,1,-1,0,0,0,-1,1
COIN,Coinbase Global,159.07,HOLD,-1,-2,1,13.9,25.03,23.95,46.77,53.02,58.77,-46.68,0.56,-3.539,175.0631,226.666,10.3725,-1,-1,0,1,-1,0,0,0,0,1
GLOB,Globant SA,29.96,HOLD,-1,-2,1,22.97,19.65,30.88,40.66,43.85,39.15,-57.37,2.32,-1.9393,36.3078,52.1891,2.3574,-1,-1,0,1,-1,0,0,0,0,1
INFY,Infosys Ltd,10.94,HOLD,-1,-2,1,21.72,21.81,29.2,44.86,52.74,47.89,-46.43,1.39,-0.2662,11.7385,14.9958,0.4409,-1,-1,0,1,-1,0,0,0,0,1
IBIT,iShares Bitcoin Trust,36.23,HOLD,-1,-2,1,25.93,29.45,30.84,49.13,66.0,63.15,-21.16,2.61,-0.8888,39.467,47.143,1.2154,-1,0,-1,1,-1,0,0,0,0,1
NSANY,Nissan Motor Co,3.91,HOLD,-1,-2,1,25.05,18.83,31.61,43.43,28.55,26.63,-45.71,2.36,-0.1463,4.3374,4.7257,0.1411,-1,0,-1,1,-1,0,0,0,0,1
NG,NovaGold Resources,5.97,HOLD,-1,-2,1,18.56,20.4,31.84,36.82,10.69,10.03,-88.89,-17.31,-0.5106,7.5967,9.1447,0.4507,-1,-1,0,-1,1,0,0,1,1,-1
PLTR,Palantir Technologies,126.79,HOLD,-1,-2,1,15.28,27.4,25.92,48.04,70.64,77.85,-37.23,8.65,-1.4467,133.3069,156.8168,6.9112,-1,-1,0,1,-1,0,0,0,0,1
CRM,Salesforce Inc,163.32,HOLD,-1,-2,1,14.15,26.8,30.67,47.2,68.36,75.83,-34.77,6.45,-2.4547,172.6724,209.7098,6.9042,-1,-1,0,1,-1,0,0,0,0,1
SAP,SAP SE,157.86,HOLD,-1,-2,1,17.76,28.29,36.95,44.89,54.88,59.34,-45.22,2.92,-3.2417,168.392,210.6999,5.5947,-1,-1,0,1,-1,0,0,0,0,1
SWKS,Skyworks Solutions,60.38,HOLD,-1,-2,1,18.56,17.34,28.82,36.8,10.9,7.06,-85.58,-17.78,-3.3503,70.5762,65.0657,3.7791,1,-1,0,-1,-1,0,0,1,1,-1
SPCE,Virgin Galactic Holdings,2.57,HOLD,-1,-2,1,18.55,27.15,24.06,41.39,13.09,12.32,-88.76,-14.33,-0.3108,3.3519,3.2469,0.4269,1,-1,0,-1,-1,0,0,1,1,-1
BP,BP PLC,39.2,SELL,-2,0,-2,28.39,27.04,33.7,46.86,70.57,57.98,-17.06,-0.33,-1.1128,42.0289,38.7782,0.9518,1,0,-1,1,-1,0,0,0,-1,-1
BHP,BHP Group,81.68,SELL,-2,-1,-1,17.43,30.42,38.14,46.1,28.3,18.09,-49.32,-0.69,-1.4032,84.7688,69.2768,2.5043,1,0,0,-1,-1,0,0,0,0,-1
BIOX,Bioceres Crop Solutions,0.3432,SELL,-2,-1,-1,20.48,13.19,17.54,40.99,25.4,21.98,-64.22,-7.74,-0.0263,0.4148,0.9483,0.0371,-1,0,0,1,-1,0,0,0,0,-1
SID,Cia Siderurgica Nacional,1.01,SELL,-2,-1,-1,23.25,25.22,27.6,45.12,34.14,20.71,-33.33,-2.88,-0.0748,1.1849,1.4842,0.0577,-1,0,0,1,-1,0,0,0,0,-1
FDX,FedEx Corp,314.69,SELL,-2,-1,-1,21.76,14.13,22.14,46.25,24.33,18.63,-62.49,-0.8,-3.4923,317.8183,307.1442,9.9799,1,0,0,-1,-1,0,0,0,0,-1
FCX,Freeport-McMoRan,61.52,SELL,-2,-1,-1,20.52,21.09,31.64,46.51,26.63,17.56,-60.32,-4.47,-1.4127,63.4011,55.425,2.7882,1,0,0,-1,-1,0,0,0,0,-1
GM,General Motors,77.85,SELL,-2,-1,-1,12.43,22.84,23.89,48.05,29.6,24.96,-60.11,-1.39,-0.8729,78.6901,75.4934,2.2986,1,0,0,-1,-1,0,0,0,0,-1
HMY,Harmony Gold Mining,15.11,SELL,-2,-1,-1,12.71,25.58,34.59,45.1,23.28,22.84,-60.17,-1.95,-0.3863,16.3749,18.2088,0.8197,-1,-1,0,0,1,0,0,0,0,-1
HWM,Howmet Aerospace,270.85,SELL,-2,-1,-1,13.9,19.0,23.56,52.42,47.18,48.38,-46.38,-1.56,3.1387,262.8173,229.6164,8.9195,1,0,0,-1,-1,0,0,0,0,-1
LVS,Las Vegas Sands,46.69,SELL,-2,-1,-1,23.91,15.9,26.36,39.76,31.73,22.1,-54.76,-2.24,-1.1343,49.8829,56.0763,1.2616,-1,0,0,1,-1,0,0,0,0,-1
QCOM,Qualcomm Inc,189.16,SELL,-2,-1,-1,12.38,23.93,23.7,45.5,27.44,24.35,-72.21,-7.33,-6.4057,206.4218,167.9418,13.4541,1,0,0,-1,-1,0,0,0,0,-1
XLRE,Real Estate Select Sector ETF,44.45,SELL,-2,-1,-1,11.71,18.46,22.94,50.42,44.01,47.47,-46.41,-0.43,0.0275,44.3558,42.0804,0.6373,1,0,0,-1,-1,0,0,0,0,-1
ROST,Ross Stores,222.88,SELL,-2,-1,-1,21.12,22.75,26.36,51.3,41.35,33.2,-51.57,-2.69,-2.6914,224.0195,195.5769,5.7455,1,0,0,-1,-1,0,0,0,0,-1
MMM,3M Co,157.52,SELL,-2,-2,0,27.69,19.88,20.81,49.06,14.16,13.19,-75.56,-2.67,0.7504,153.4615,157.45,3.8311,-1,0,-1,-1,1,0,0,1,0,-1
ABEV,Ambev SA,3.07,SELL,-2,-2,0,8.69,25.2,24.39,44.83,17.58,11.1,-70.83,-2.85,-0.0303,3.154,2.7786,0.0748,1,-1,0,-1,-1,0,0,1,0,-1
BSBR,Banco Santander Brasil,5.39,SELL,-2,-2,0,15.36,28.24,22.75,54.57,44.58,24.93,-9.3,2.47,-0.0646,5.4169,5.9185,0.1429,-1,0,0,0,-1,0,0,0,-1,1
CAAP,Corp America Airports,24.72,SELL,-2,-2,0,13.85,16.51,22.28,42.09,5.87,7.52,-88.02,-5.54,-0.323,25.5346,24.8506,0.9097,1,-1,0,-1,-1,0,0,0,1,-1
ASR,Grupo Aeroportuario Sur,285.12,SELL,-2,-2,0,20.86,21.46,28.28,39.84,5.74,12.12,-90.49,-3.68,-2.3431,297.7256,319.2489,8.8776,-1,-1,0,-1,1,0,0,0,1,-1
FXI,iShares China Large-Cap ETF,33.48,SELL,-2,-2,0,27.7,32.51,35.06,50.36,85.02,66.19,-6.53,1.98,-0.5205,34.7367,37.5388,0.5469,-1,0,-1,1,-1,0,0,0,-1,1
VALE,Vale SA,14.46,SELL,-2,-2,0,15.32,22.28,35.31,39.1,15.02,10.25,-72.92,-5.55,-0.3993,15.7679,14.3663,0.4098,1,-1,0,-1,-1,0,0,1,0,-1
ACN,Accenture PLC,135.23,SELL,-2,-3,1,28.46,25.07,35.45,40.47,64.25,52.1,-29.71,6.47,-8.8073,162.0675,216.7599,7.5304,-1,-1,-1,1,-1,0,0,0,0,1
BRK-B,Berkshire Hathaway B,493.71,SELL,-2,-3,1,20.14,23.16,21.75,50.78,32.25,47.75,-73.0,0.18,3.8749,485.5338,490.4263,6.9141,-1,0,0,-1,-1,0,0,0,0,1
BNG,Bunge Global SA,0.095,SELL,-2,-3,1,94.9,4.76,95.24,4.76,66.67,88.89,-100.0,-99.96,-13.4248,236.1479,189.0882,20.48,1,0,-1,-1,-1,-1,1,0,1,-1
FSLR,First Solar Inc,227.83,SELL,-2,-3,1,27.36,14.79,27.4,40.86,16.45,15.97,-81.55,-8.59,-8.5582,248.3296,235.423,13.3403,1,-1,-1,-1,-1,0,0,1,1,-1
FMCC,Freddie Mac,5.92,SELL,-2,-3,1,12.06,20.78,22.48,49.66,21.37,17.33,-57.05,5.53,-0.1508,6.292,7.9897,0.3991,-1,0,0,-1,-1,0,0,0,0,1
NFLX,Netflix Inc,73.37,SELL,-2,-3,1,32.16,17.19,31.02,39.04,52.08,53.83,-66.89,0.76,-2.2865,82.4475,94.9499,2.575,-1,-1,-1,1,-1,0,0,0,0,1
CAR,Avis Budget Group,156.19,SELL,-3,-2,-1,12.28,23.63,25.66,42.42,22.6,22.04,-77.7,-17.99,-7.4679,167.4476,158.0034,11.43,1,-1,0,-1,-1,0,0,0,0,-1
CDE,Coeur Mining,15.98,SELL,-3,-2,-1,12.57,22.1,28.63,44.35,27.07,24.25,-63.14,-2.08,-0.4678,17.4914,18.9669,1.0398,-1,-1,0,-1,1,0,0,0,0,-1
KGC,Kinross Gold,24.14,SELL,-3,-2,-1,20.08,22.92,33.39,42.8,25.76,19.4,-60.41,-3.48,-1.0468,27.3369,28.9547,1.1634,-1,-1,0,1,-1,0,0,0,0,-1
MDLZ,Mondelez International,58.83,SELL,-3,-2,-1,15.75,16.07,27.91,43.99,20.88,28.65,-79.89,-3.65,-0.6033,61.1386,58.2246,1.5025,1,-1,0,-1,-1,0,0,0,0,-1
NIO,NIO Inc,4.78,SELL,-3,-2,-1,19.21,18.4,27.45,39.11,28.6,35.87,-77.36,-6.09,-0.1821,5.4733,5.7078,0.2223,-1,-1,0,1,-1,0,0,0,0,-1
PG,Procter & Gamble,147.04,SELL,-3,-2,-1,13.29,24.37,27.58,47.94,34.98,51.62,-69.21,-2.53,0.5475,146.3273,147.7414,3.1599,-1,0,0,0,-1,0,0,0,0,-1
TS,Tenaris SA,55.57,SELL,-3,-2,-1,34.17,17.44,33.77,41.14,32.37,21.36,-55.72,-4.24,-1.6243,59.7868,49.0027,1.3085,1,0,-1,-1,-1,0,0,0,0,-1
TCOM,Trip.com Group,42.8,SELL,-3,-2,-1,26.84,25.74,32.19,43.99,42.72,36.21,-45.66,-5.93,-1.7903,47.3134,59.7576,1.513,-1,0,-1,1,-1,0,0,0,0,-1
URBN,Urban Outfitters,68.83,SELL,-3,-2,-1,16.96,14.03,22.28,42.64,27.56,19.46,-69.16,-3.06,-1.0313,71.558,70.2505,2.6417,1,-1,0,-1,-1,0,0,0,0,-1
RIO,Rio Tinto PLC,90.54,SELL,-3,-3,0,27.16,22.48,46.91,35.64,19.59,12.41,-70.8,-5.27,-3.3405,101.2672,86.2005,2.3869,1,-1,-1,-1,-1,0,0,1,0,-1
TJX,TJX Companies,151.34,SELL,-3,-3,0,27.62,15.0,26.46,39.18,11.69,15.11,-90.21,-7.92,-2.1662,156.5876,153.1081,3.5481,1,-1,-1,-1,-1,0,0,0,1,-1
LAC,Lithium Americas Corp,3.32,SELL,-3,-4,1,19.13,16.61,34.97,26.7,3.99,5.95,-99.08,-20.0,-0.3308,4.7016,5.1204,0.2394,-1,-1,0,-1,-1,0,1,0,1,-1
DTEGY,Deutsche Telekom AG,29.88,STRONG SELL,-4,-2,-2,29.43,32.96,40.82,46.58,60.46,49.66,-10.78,-0.6,-0.9055,31.6866,32.8261,0.7527,-1,0,-1,1,-1,0,0,0,-1,-1
T,AT&T Inc,21.13,STRONG SELL,-4,-3,-1,47.32,12.41,27.63,36.7,39.05,35.67,-59.87,-7.37,-0.8081,23.5755,25.3904,0.6796,-1,-1,-1,1,-1,0,0,0,0,-1
MBGAF,Mercedes-Benz Group AG,50.36,STRONG SELL,-4,-3,-1,34.87,18.48,40.43,37.43,34.47,36.09,-61.22,-2.02,-1.5954,55.7106,63.2935,1.3265,-1,-1,-1,1,-1,0,0,0,0,-1
NUE,Nucor Corp,227.37,STRONG SELL,-4,-3,-1,27.77,19.2,30.56,43.47,27.71,25.01,-63.58,-5.12,-4.9398,238.304,182.8106,7.4393,1,-1,-1,-1,-1,0,0,0,0,-1
PFE,Pfizer Inc,24.17,STRONG SELL,-4,-3,-1,28.73,13.98,27.55,41.64,26.53,20.02,-67.46,-2.22,-0.4525,25.3782,25.5824,0.5353,-1,-1,-1,1,-1,0,0,0,0,-1
VZ,Verizon Communications,42.12,STRONG SELL,-4,-3,-1,33.8,9.19,30.68,34.48,24.79,25.34,-77.67,-9.87,-1.2743,46.1863,44.1263,1.3309,1,-1,-1,-1,-1,0,0,0,0,-1
AEM,Agnico Eagle Mines,146.87,STRONG SELL,-4,-4,0,25.22,20.39,37.49,36.0,16.71,13.38,-79.2,-8.3,-6.9328,170.8965,184.5254,6.7222,-1,-1,-1,0,-1,0,0,1,0,-1
PEP,PepsiCo Inc,137.38,STRONG SELL,-4,-4,0,19.18,20.48,34.75,40.71,31.51,48.02,-81.25,-3.29,-1.3512,145.2465,148.6787,3.7079,-1,-1,0,-1,-1,0,0,0,1,-1
DIS,Walt Disney Co,95.62,STRONG SELL,-4,-4,0,17.99,14.27,24.1,39.17,11.57,14.85,-91.38,-7.64,-1.4442,101.481,105.6694,2.2404,-1,-1,0,-1,-1,0,0,0,1,-1
ORCL,Oracle Corp,140.64,STRONG SELL,-4,-5,1,33.6,16.34,33.38,30.86,8.46,8.06,-93.43,-14.85,-14.1929,183.074,194.9786,9.0254,-1,-1,-1,-1,-1,0,0,1,1,-1
STLA,Stellantis NV,5.5,STRONG SELL,-4,-5,1,33.31,20.22,40.86,30.13,10.33,7.33,-80.16,-7.72,-0.4489,6.9051,8.7702,0.2353,-1,-1,-1,-1,-1,0,0,1,1,-1
HSY,Hershey Co,173.66,STRONG SELL,-5,-4,-1,22.18,17.13,31.04,42.73,34.64,40.99,-62.7,-3.13,-2.7049,183.2438,192.0221,4.9587,-1,-1,0,-1,-1,0,0,0,0,-1
ORLY,O'Reilly Automotive,86.28,STRONG SELL,-5,-4,-1,18.83,17.71,29.78,44.42,25.44,25.3,-66.98,-1.44,-0.9783,90.0499,94.3751,2.698,-1,-1,0,-1,-1,0,0,0,0,-1
